{ "_id" : "Male", "avgHeight" : 166.7346950726979, "avgWeight" : 70.00976575121163 }
{ "_id" : "Female", "avgHeight" : 166.8126471782379, "avgWeight" : 70.11126268777913 }